Sample,Grid,Loc,ID,Beaker,Beaker_mass,DM_sample_mass,Post_Dry_wbeaker,Post_Ash_wbeaker,DM,Ash,Fibre_bag_mass,Fiber_sample_mass,Fibre_bag_sample_mass,Post_NDF_wbag,NDF_AI,Post_ADF_wbag,ADF_AI,Post_ADL_wbag,ADL_AI,CP_sample_mass,"CP_Tray,Loc",CP_AI,C_AI,NDF_F,ADF_F,ADL_F,CP_F,C_F
S_1_H,JO,Q_2,P89,12,23.2194,2.4758,25.5134,23.3016,0.92656919,,0.5292,0.7404,1.2725,0.8827,0.477444625,0.7932,0.356564019,0.6559,0.171123717,0.0955,P1 E6,5.5916,63,51.52822151,38.48217957,18.46853088,6.034735519,67.99276373
S_1_L,JO,Q_2,P131,44,22.3337,2.6758,24.8234,22.4652,0.930450706,,0.5455,0.6384,1.1856,0.8272,0.441259398,0.7697,0.351190476,,,0.132,P3 A10,4.976,60.6,47.42426391,37.74412484,,5.347945857,65.12972647
S_1_M,JO,Q_2,P110,105,31.6498,3.8876,35.2771,31.8,0.933043523,,0.5202,0.5289,1.0508,0.7648,0.462469276,0.7048,0.349026281,0.6095,0.168840991,0.1493,P1 D5,4.9373,69.9,49.56567025,37.40728834,18.09572507,5.291607388,74.91611943
S_11_H,JO,B_2,P2,35,21.7333,2.3127,23.887,21.8695,0.931249189,,0.5792,0.7755,1.3547,0.9313,0.454029658,0.8414,0.338104449,0.7112,0.170212766,0.1196,P3 C2,6.1789,55.4,48.75490508,36.30654959,18.27789682,6.635066179,59.48998468
S_11_L,JO,B_2,P99,32,23.0978,2.3456,25.2451,23.223,0.915458731,,0.547,0.6917,1.241,0.8087,0.378343212,0.744,0.284805552,0.6486,0.146884487,0.1313,P3 B8,5.397,55.5,41.32826521,31.11069258,16.04490541,5.89540502,60.62534345
S_11_M,JO,B_2,P93,116,28.5063,2.5588,30.8706,28.5865,0.923987807,,0.5396,0.5348,1.0772,0.7759,0.44184742,0.7123,0.322924458,0.6238,0.157442034,0.1026,P1 B8,5.7761,63.4,47.81961584,34.94899558,17.03940607,6.251272969,68.61562407
S_13_H,JO,B_6,P75,2A,28.8635,2.033,30.719,28.9454,0.912690605,,0.5182,0.4304,0.9504,0.7105,0.44679368,0.6611,0.332016729,,,0.1196,P1 A5,5.3468,64.4,48.95346548,36.37779624,,5.858283158,70.56060361
S_13_L,JO,B_6,P123,7,21.9177,2.5427,24.2818,22.0487,0.929759704,,0.5803,0.4761,1.0565,0.7791,0.417559336,0.7292,0.312749422,0.6568,0.160680529,0.1085,P1 E8,4.7229,63.7,44.91045744,33.63766153,17.28194162,5.079699602,68.51232604
S_13_M,JO,B_6,P135,11A,28.8542,2.2168,30.9151,28.9607,0.929673403,,0.5432,0.5936,1.1381,0.8257,0.475909704,0.761,0.366913747,0.6623,0.200640162,0.1,P1 A2,4.6919,63.8,51.19106365,39.46695102,21.58179002,5.046826105,68.62625067
S_15_H,JO,B_10,P82,3,22.0107,3.4772,25.2473,22.1426,0.930806396,,0.5407,0.6132,1.1548,0.8384,0.485485975,0.7728,0.378506197,0.6659,0.204174821,0.0945,P2 B4,5.1578,64,52.1575676,40.66433134,21.93526189,5.541216758,68.75758512
S_15_L,JO,B_10,P106,13,23.2965,2.6324,25.729,23.4116,0.924061693,,0.517,0.5541,1.0711,0.7685,0.45388919,0.7101,0.348493052,0.6174,0.18119473,0.107,P2 A1,4.4151,64.2,49.11892715,37.71318025,19.60851008,4.777927745,69.47588078
S_15_M,JO,B_10,P118,169,28.868,2.359,31.0432,28.9429,0.92208563,,0.5513,0.656,1.2073,0.8275,0.421036585,0.7558,0.311737805,0.645,0.142835366,0.1375,P2 D7,5.1564,59.7,45.66133252,33.80790188,15.49046653,5.59210537,64.74452924
S_17_H,JO,B_14,P83,1,24.1633,2.717,26.6773,24.2637,0.925285241,,0.5627,0.7264,1.2896,0.8918,0.453056167,0.8186,0.352285242,0.6935,0.180066079,0.0949,P2 B5,5.0838,64.1,48.96394617,38.07315049,19.46060213,5.494305728,69.27593477
S_17_L,JO,B_14,P132,11,22.479,2.4685,24.7868,22.61,0.934899737,,0.5516,0.4897,1.043,0.7991,0.505411476,0.743,0.390851542,0.6591,0.219522156,0.1011,P1 E7,3.8866,63.9,54.06050046,41.80678702,23.48082343,4.157237239,68.34957535
S_17_M,JO,B_14,P87,110,28.8375,2.7217,31.3523,28.952,0.923981335,,0.5085,0.6389,1.1478,0.8194,0.486617624,0.7532,0.383002035,0.644,0.212083268,0.0979,P2 B3,4.9544,65,52.66530887,41.45127398,22.9531983,5.362013075,70.34774137
S_19_H,JO,B_18,P98,9,23.5817,2.4807,25.8889,23.6928,0.930060064,,0.5692,0.6823,1.2535,0.8822,0.458742489,0.8106,0.353803312,0.6917,0.179539792,0.1008,P2 B6,5.2738,63.5,49.32396375,38.04091006,19.30410722,5.670386468,68.27516037
S_19_L,JO,B_18,P113,148,29.0539,2.2448,31.1385,29.1745,0.928635068,,0.5326,0.5842,1.1174,0.8066,0.46901746,0.7415,0.35758302,0.6369,0.178534748,0.1094,P2 C9,5.0978,62.6,50.50611118,38.50630155,19.22550145,5.489562237,67.41076466
S_19_M,JO,B_18,P129,46,21.1833,2.0262,23.0615,21.2604,0.926956865,,0.5725,0.7295,1.304,0.9389,0.502261823,0.8606,0.394928033,0.7157,0.196298835,0.1132,P3 B5,5.4242,58.8,54.18394772,42.60479077,21.17669573,5.851620722,63.43337238
S_21_H,JO,I_18,211_1,8,21.5635,3.1179,24.4624,21.675,0.929760416,,0.5656,0.7378,1.3051,0.9139,0.472079154,0.8324,0.361615614,0.6944,0.174573055,0.1028,P1 E10,5.3418,63.6,50.77427973,38.89341898,18.7761333,5.745351071,68.40471903
S_21_L,JO,I_18,P78,157,29.0732,2.6675,31.5273,29.2385,0.92,,0.5513,0.6379,1.1913,0.8166,0.415895908,0.7565,0.321680514,0.667,0.181376391,0.1082,P2 C7,5.356,63.7,45.20607701,34.96527328,19.71482514,5.82173913,69.23913043
S_21_M,JO,I_18,P97,135,31.395,2.3052,33.536,31.5106,0.928769738,,0.5582,0.5787,1.1397,0.823,0.457577328,0.7613,0.350959046,0.6589,0.174010714,0.1088,P3 A5,5.5518,55.8,49.26703679,37.78751953,18.73561407,5.977584942,60.07947688
S_23_H,JO,I_14,P111,13A,29.0377,2.3922,31.2759,29.1205,0.935624112,,0.5218,0.5318,1.0549,0.8022,0.527265889,0.738,0.406543813,0.6271,0.198006769,0.1411,P1 C2,4.8854,68.4,56.35445718,43.45161784,21.16306827,5.221541364,73.10628183
S_23_L,JO,I_14,P119,167,28.9424,2.293,31.0655,29.0588,0.925904928,,0.5578,0.7381,1.2991,0.9144,0.483132367,0.8305,0.369462133,0.7047,0.199024522,0.1153,P2 E3,5.2952,58.8,52.17947894,39.90281521,21.49513588,5.718945693,63.50544016
S_23_M,JO,I_14,P100,163,29.3231,2.37,31.5262,29.4346,0.929578059,,0.554,0.5556,1.1132,0.8517,0.535817135,0.7885,0.422066235,0.6856,0.236861051,0.1168,P2 C3,4.6885,64,57.64089733,45.40406592,25.48049072,5.043686169,68.84844083
S_25_H,JO,I_10,P130,104,28.8146,2.9705,31.5833,28.9256,0.932065309,,0.5235,0.6923,1.219,0.8784,0.512639029,0.8031,0.403871154,0.6637,0.202513361,0.1128,P1 D7,5.6866,64.2,55.00033361,43.33077846,21.7273789,6.10107462,68.87929353
S_25_L,JO,I_10,P104,140,29.0499,2.7528,31.5934,29.2274,0.923968323,,0.5458,0.5693,1.1142,0.8234,0.487616371,0.7477,0.354646057,0.6536,0.189355349,0.137,P2 D5,4.751,58.5,52.77414374,38.38292371,20.49370567,5.14195117,63.31385886
S_25_M,JO,I_10,P114,33,23.2813,2.5847,25.6828,23.4534,0.929121368,,0.5762,0.9518,1.5312,1.0524,0.500315192,0.9487,0.391363732,0.789,0.223576382,0.1191,P3 B6,4.7808,54.8,53.84820643,42.12191704,24.06320523,5.145506458,58.98045388
S_27_H,KL,J_2,P73,128,28.5035,3.4718,31.7232,28.6513,0.92738637,,0.5384,0.4889,1.0291,0.7611,0.455512375,0.7069,0.344651258,0.624,0.17508693,0.0855,P2 A5,5.4046,63.3,49.11786386,37.16371827,18.87961,5.827775967,68.25634065
S_27_L,KL,J_2,P126,41,23.12,2.5035,25.4327,23.2403,0.923786699,,0.5644,0.6635,1.2279,0.8876,0.487113791,0.8175,0.381461944,0.6929,0.193669932,0.1139,P3 A7,5.3381,55.8,52.73011521,41.29329258,20.964789,5.778498443,60.40355429
S_27_M,KL,J_2,P103,151,28.7616,2.3326,30.9112,28.8607,0.921546772,,0.5496,0.6345,1.1871,0.8547,0.480851064,0.7839,0.369267139,0.6718,0.192592593,0.15,P2 E1,4.7283,65.2,52.17869331,40.0703633,20.89884078,5.130830192,70.75061407
W_28_H,KL,J_2,P19,145,29.2189,2.4353,31.5005,29.2994,0.936886626,,0.5557,0.6611,1.2205,0.8729,0.479806383,0.8218,0.402510967,0.7059,0.227197096,0.1617,P2 E6,5.3126,68.8,51.21285437,42.96261207,24.25022297,5.670483336,73.43471248
S_29_H,KL,J_6,P96,14,22.3291,2.1653,24.3409,22.431,0.92910913,,0.5362,0.6145,1.1538,0.8126,0.449796583,0.7455,0.340602116,0.6462,0.179007323,0.1132,P1 E5,4.4515,63.8,48.41159858,36.65899994,19.26655515,4.791148698,68.66792922
S_29_L,KL,J_6,P121,103,29.356,2.3914,31.5759,29.5309,0.928284687,,0.5239,0.8543,1.3801,0.8771,0.413437902,0.7964,0.318974599,0.6686,0.169378438,0.1221,P1 C6,4.3436,62.6,44.53783503,34.36172153,18.24638938,4.679167999,67.43620884
S_29_M,KL,J_6,P79,6,22.9628,2.2459,25.0444,23.135,0.926844472,,0.5726,0.5588,1.1331,0.8088,0.422691482,0.7546,0.325697924,0.661,0.158196135,0.1069,P2 C2,4.5231,62.1,45.60543807,35.14051536,17.06825032,4.880106788,67.00153248
S_3_H,JO,Q_6,P120,26,22.39,2.5739,24.7782,22.4903,0.927852675,,0.5521,0.6702,1.2253,0.8528,0.448672038,,,,,0.1543,P1 C7,5.487,72.2,48.35595675,,,5.913654342,77.81407755
S_31_H,JO,Q_6,P91,107,28.6562,3.15,31.5552,28.7722,0.92031746,,0.521,0.5405,1.0642,0.7496,0.422941721,0.6904,0.313413506,0.612,0.168362627,0.0921,P2 A2,5.6378,63.6,45.9560683,34.05493425,18.29397294,6.125929631,69.10658848
S_3_L,JO,Q_6,P109,20,22.4699,2.1025,24.4201,22.5559,0.927562426,,0.5448,0.5773,1.123,,,0.7654,0.382123679,0.6607,0.200762169,0.1248,P3 B3,4.6898,57.6,,41.19654577,21.64406008,5.056047841,62.09824633
S_3_M,JO,Q_6,P92,164,30.4578,2.0834,32.381,30.5564,0.923106461,,0.5534,0.5854,1.14,0.8351,0.481209429,0.7713,0.37222412,0.6784,0.213529211,0.1293,P3 C7,10.915,55,52.12935344,40.3229894,23.13159098,11.82420497,59.58142679
S_31_L,KL,J_10,P112,112,28.9679,2.6627,31.4341,29.109,0.926202727,,0.5354,0.6442,1.1806,0.7924,0.398944427,0.7289,0.300372555,0.6383,0.159733002,0.1268,P1 C10,4.5142,66,43.07312166,32.43054101,17.24600863,4.87387898,71.25869759
S_31_M,KL,J_10,P84,18,22.4669,2.0757,24.3885,22.556,0.925759985,,0.5232,0.6615,1.1865,0.7966,0.413303099,0.7339,0.318518519,0.6268,0.156613757,0.1077,P1 E2,5.4636,64.4,44.64473577,34.40616616,16.91731758,5.901745691,69.56446711
S_33_H,KL,J_14,P102,109,28.5451,2.9233,31.245,28.6584,0.923579516,,0.5164,0.6058,1.1256,0.791,0.453284913,0.7293,0.351436118,0.6268,0.182238362,0.123,P1 C1,5.94,66,49.07914311,38.05152792,19.73174581,6.431498204,71.46109115
S_33_L,KL,J_14,P86,6A,28.8011,3.2321,31.7991,28.9562,0.92757031,,0.5323,0.5089,1.0424,0.7604,0.448221655,0.8167,0.558852427,,,0.1095,P1 A1,5.0115,63.9,48.32212174,60.24906366,,5.402824933,68.88965644
S_33_M,KL,J_14,P88,150,32.0273,2.9758,34.771,32.1468,0.922004167,,0.5497,0.5285,1.0808,0.7884,0.451655629,0.732,0.344938505,0.6465,0.183159886,0.1263,P2 B9,5.9363,65.8,48.98628936,37.4118163,19.86540767,6.438474155,71.36627182
S_35_H,KL,3_2,P80,141,29.5695,2.4207,31.799,29.6521,0.921014583,,0.5335,0.6234,1.1588,0.7931,0.416426051,0.7245,0.306384344,0.6284,0.152229708,0.0942,P2 C1,5.6103,64.5,45.21383902,33.26596014,16.52847967,6.091434497,70.03146445
S_35_L,KL,3_2,P133,168,29.5981,2.4837,31.8882,29.7577,0.922051778,,0.5574,0.5229,1.0806,0.7795,0.424746605,0.73,0.330082234,0.6475,0.172308281,0.1103,P2 D3,4.5982,59.4,46.06537461,35.79866573,18.68748425,4.98692168,64.42154491
S_35_M,KL,3_2,P125,124,28.8168,2.3573,30.9881,28.9065,0.921096169,,0.5262,0.482,1.0103,0.7352,0.433609959,0.6824,0.32406639,0.6067,0.167012448,0.1052,P1 D4,6.1478,64.3,47.0754274,35.18268785,18.13192299,6.674438788,69.80812877
S_37_H,KL,3_6,P76,98,32.4906,2.4325,34.749,32.6108,0.928427544,,0.5369,0.5359,1.0735,0.7866,0.465945139,0.7295,0.35939541,0.633,0.179324501,0.1018,P1 B1,4.1882,63.3,50.18648382,38.71011928,19.31486222,4.511068234,68.17979543
S_37_L,KL,3_6,P101,149,29.0223,2.1831,31.0474,29.1194,0.927625853,,0.5495,0.6976,1.2485,0.9149,0.523795872,0.8348,0.408973624,0.7131,0.234518349,0.1188,P2 B10,4.0903,66.4,56.46628646,44.08820889,25.28156668,4.409428636,71.58058367
S_37_M,KL,3_6,P95,5,23.0226,2.5435,25.3748,23.1474,0.924788677,,0.5518,0.6663,1.2192,0.8448,0.439741858,0.7759,0.336334984,0.6646,0.169293111,0.1007,P2 B7,4.6549,63.5,47.55052359,36.36884756,18.30614014,5.033474258,68.66433552
S_39_H,KL,3_10,P77,158,29.2924,2.7723,31.8652,29.3885,0.928038091,,0.5389,0.6391,1.1811,0.8758,0.527147551,0.7973,0.404318573,0.6831,0.225629792,0.0979,P2 C4,5.5737,63.2,56.80236149,43.56702347,24.31255722,6.005895721,68.10065299
S_39_M,KL,3_10,P59,34,23.225,2.4409,25.5021,23.391,0.932893605,,0.5591,0.7495,1.3112,0.9156,0.475650434,0.8408,0.375850567,0.7148,0.207738492,0.1198,P3 B10,4.9223,55.4,50.98656815,40.28868513,22.26818699,5.276378758,59.38512143
S_41_H,KL,C_10,P107,144,30.8403,2.5728,33.2197,30.9323,0.92482898,,0.5402,0.5643,1.1061,0.8204,0.496544391,0.7582,0.386319334,0.6585,0.209640262,0.1215,P2 E9,5.111,59.8,53.69040136,41.77197536,22.66800314,5.526427167,64.66060351
S_41_L,KL,C_10,P90,42,24.1712,2.8038,26.7609,24.277,0.923639347,,0.5551,0.6198,1.1769,0.8265,0.437883188,0.7607,0.33171991,0.6614,0.171506938,0.1363,P3 C8,6.0166,54.4,47.40845978,35.91444116,18.56860455,6.514014395,58.89744758
S_41_M,KL,C_10,P124,10,23.2377,2.1541,25.244,23.3018,0.931386658,,0.53,0.4746,1.0067,0.7343,0.430467762,0.6817,0.31963759,0.6068,0.16182048,0.093,P1 E9,5.3944,63.4,46.21794382,34.31846342,17.37414628,5.791794368,68.07054777
S_43_H,KL,C_16,P74,136,29.0158,2.2921,31.1263,29.1102,0.920771345,,0.5506,0.4653,1.0198,0.7543,0.437782076,0.6989,0.318719106,0.6216,0.152589727,0.1101,P3 A4,6.2601,55.9,47.54514554,34.61435976,16.57194567,6.798756318,60.7099692
S_43_L,KL,C_6,P72,106,28.7563,2.6048,31.179,28.8913,0.930090602,,0.5208,0.5294,,0.7718,0.474121647,,,,,0.104,P2 B2,5.045,62.8,50.97585613,,,5.424202749,67.52030379
S_43_M,KL,C_6,P81,99,29.687,2.5609,32.073,29.7944,0.931703698,,0.5538,0.6585,1.215,0.8852,0.503264996,,,0.7019,0.224905087,0.124,P1 D9,5.0109,65.1,54.01556282,,24.13912146,5.378211991,69.87199916
S_45_H,KL,C_2,P128,166,28.852,2.3358,31.0198,28.9446,0.928076034,,0.5384,0.5287,1.0698,0.7867,0.469642519,0.7209,0.345186306,0.6288,0.170985436,0.1102,P2 D2,5.654,56.6,50.60388397,37.19375282,18.42364523,6.092173263,60.98638251
S_45_L,KL,C_2,P53,31,23.3611,2.1903,25.3905,23.4458,0.926539743,,0.562,0.5478,1.1124,0.8369,0.501825484,0.7756,0.38992333,0.6783,0.21230376,0.1063,P3 B7,6.0283,57.6,54.16124751,42.08382128,22.91361617,6.506250857,62.16678821
S_45_M,KL,C_2,P116,165,28.6221,2.8922,31.2958,28.7242,0.924451974,,0.5698,0.5013,1.0721,0.8055,0.470177538,0.7473,0.354079394,0.6526,0.165170557,0.1024,P2 C10,6.2224,64.2,50.86013676,38.3015455,17.86686179,6.730906714,69.44654973
S_5_H,JO,Q_10,P115,138,28.939,3.0585,31.7903,29.0622,0.932254373,,0.5516,0.6431,1.1962,0.8696,0.494479863,0.7991,0.38485461,0.6753,0.192349557,0.1058,P3 A2,5.5315,58.7,53.04130262,41.2821459,20.63273312,5.933466401,62.96564725
S_5_L,JO,Q_10,P117,45,23.1616,2.0914,25.1039,23.3043,0.928708042,,0.5736,0.5699,1.1449,0.8084,0.412002106,0.7504,0.310229865,0.66,0.151605545,0.126,P3 A9,4.8902,58.4,44.36293074,33.40445551,16.3243493,5.265594543,62.88305617
S_5_M,JO,Q_10,P94,4,23.1413,1.9841,24.9835,23.2181,0.928481427,,0.5566,0.5419,1.0997,0.82,0.48606754,0.7662,0.38678723,0.6649,0.199852371,0.0984,P2 B8,5.2037,64,52.35080916,41.65804708,21.52464933,5.604527831,68.9297579
S_7_H,JO,Q_14,P108,123,28.5305,2.9033,31.2321,28.631,0.930527331,,0.5232,0.5757,1.0998,0.7649,0.419836721,0.7014,0.309536217,0.6017,0.136355741,0.1103,P1 D6,5.9681,64.5,45.11815038,33.26460239,14.6535987,6.41367513,69.31553524
S_7_L,JO,Q_14,P127,28,23.1984,2.4004,25.4324,23.3401,0.93067822,,0.5688,0.4824,1.0525,0.8041,0.487769486,0.7546,0.385157546,0.6646,0.198590381,0.1478,P3 B4,4.6038,57.9,52.41011074,41.38460933,21.33824313,4.946715094,62.21269472
S_7_M,JO,Q_14,P122,108,29.0041,2.6509,31.4719,29.1197,0.930929118,,0.5259,0.4985,1.0259,0.7609,0.471414243,0.7109,0.37111334,0.6195,0.18776329,0.1328,P1 D3,4.6726,66.1,50.63911241,39.86483317,20.16945073,5.019286547,71.00433179
S_9_H,JO,Q_18,P134,97,31.7461,2.9059,34.4602,31.8641,0.933996352,,0.5344,0.5744,1.1106,0.8211,0.499129526,0.759,0.391016713,0.6485,0.198642061,0.0944,P1 E1,4.9553,62.5,53.44020084,41.86490795,21.26796971,5.305481106,66.91674957
S_9_M,JO,Q_18,P85,95,30.4198,2.4393,32.671,30.5315,0.922887714,,0.5287,0.6038,1.1342,0.7778,0.412553826,0.7194,0.315833057,0.6149,0.142762504,0.139,P1 D8,4.6702,57.5,44.7024941,34.22226265,15.46910876,5.060420602,62.30443763
W_10_H,JO,Q_18,P30,111,28.8653,2.4266,31.1222,28.9368,0.93006676,,0.5354,0.6442,1.2842,0.8798,0.534616579,0.8207,0.442874884,0.6668,0.203973921,0.117,P1 D1,5.0772,65.9,57.48152731,47.617537,21.93110537,5.458962967,70.85512872
W_10_L,JO,Q_18,P26,24,24.266,2.2084,26.3421,24.3312,0.940092375,,0.5489,0.5811,1.1339,0.8445,0.508690415,0.7932,0.420409568,0.6553,0.183101015,0.1269,P3 C9,7.947,54.7,54.11068407,44.72002746,19.4769174,8.453424594,58.1857714
W_10_M,JO,Q_18,P67,153,28.7391,3.1135,31.6564,28.8457,0.936984101,,0.563,0.8429,1.4091,0.991,0.507770791,0.7754,0.251987187,0.7447,0.21556531,0.1137,P2 D9,5.6983,58.3,54.19203917,26.89343252,23.00629327,6.081533284,62.22090632
W_12_H,JO,B_2,P4,23,24.3937,2.0363,26.2999,24.4557,0.936109611,,0.5298,0.6525,1.1853,0.8346,0.467126437,0.789,0.397241379,0.6723,0.218390805,0.1687,P3 C3,6.0434,59.6,49.90082694,42.4353489,23.3296189,6.455867915,63.66775784
W_12_L,JO,B_2,P9,12A,28.6957,2.232,30.7917,28.7477,0.9390681,,0.5449,0.6137,1.1637,0.8662,0.523545706,0.8103,0.432458856,0.6621,0.190972788,0.1021,P2 D4,6.1926,56.5,55.75162293,46.05191636,20.33641521,6.594409924,60.16603053
W_12_M,JO,B_2,P13,125,28.7104,4.8415,33.2627,28.8415,0.940266446,,0.513,0.8971,1.415,0.9806,0.521235091,0.9073,0.439527366,0.6925,0.200089176,0.1073,P1 B10,5.0689,64.5,55.43482838,46.74498039,21.28005067,5.390918733,68.59757705
W_14_H,JO,B_6,P35,3A,29.4858,3.2756,32.5627,29.5725,0.939339358,,0.536,0.8909,1.4303,0.9382,0.451453586,0.8845,0.391177461,0.7375,0.226175777,0.1306,P1 A9,5.5229,69.7,48.06075489,41.64389129,24.07817531,5.87955775,74.20108551
W_14_L,JO,B_6,P61,17,21.251,2.597,23.6891,21.3184,0.938814016,,0.5267,0.76,1.2899,0.9088,0.502763158,0.8426,0.415657895,0.6723,0.191578947,0.0922,P2 A7,6.3336,63.4,53.55300935,44.2747858,20.40648564,6.746384152,67.53201263
W_14_M,JO,B_6,P49,15A,29.261,3.5154,32.5521,29.3599,0.936195028,,0.5031,1.0268,1.5341,0.984,0.468348266,0.9186,0.40465524,0.722,0.213186599,0.1033,P1 A10,5.794,65.1,50.02678423,43.22339124,22.77160131,6.188881407,69.53679317
W_16_H,JO,B_10,P46,147,30.3934,2.6514,32.8745,30.4461,0.935769782,,0.5365,0.8303,1.3697,0.8948,0.431530772,0.8379,0.363001325,0.7161,0.216307359,0.1193,P2 C8,5.8804,68.1,46.11505739,38.79173401,23.11544602,6.284024247,72.77430978
W_16_L,JO,B_10,P31,96,28.9284,2.9132,31.6671,28.988,0.940100233,,0.5336,0.5578,1.095,0.8421,0.553065615,0.7966,0.47149516,0.674,0.251703119,0.1162,P3 D5,6.8754,52.6,58.83049437,50.15371157,26.77407264,7.313475474,55.95148063
W_16_M,JO,B_10,P27,114,29.0451,3.0532,31.9248,29.1065,0.943174374,,0.5185,0.7019,1.2241,0.8899,0.529135204,0.8322,0.446929762,0.6939,0.249893147,0.1151,P1 B5,4.8332,66.6,56.10152468,47.38569815,26.49490422,5.124397069,70.61260548
W_18_H,JO,B_14,P37,156,28.9273,3.3002,32.0201,29.004,0.937155324,,0.5511,0.7534,1.3082,0.9081,0.473851872,0.8499,0.396602071,0.7296,0.236925936,0.1192,P2 D8,5.1014,64.5,50.56278926,42.31977992,25.28139463,5.443494659,68.82530393
W_18_L,JO,B_14,P14,4A,28.7252,2.9506,31.488,28.787,0.936351928,,0.5391,1.0187,1.3363,1.0355,0.48728772,0.946,0.399430647,0.7198,0.177382939,0.0945,P1 A4,5.8405,63.7,52.04108678,42.65817528,18.94404589,6.237505176,68.02997684
W_18_M,JO,B_14,P16,113,28.7346,3.2931,31.8284,28.8077,0.939479518,,0.5231,1.0462,1.542,1.0141,0.46931753,0.9309,0.389791627,0.7272,0.195086981,0.1209,P1 B7,5.4685,66.6,49.95505716,41.49016764,20.76543211,5.820776181,70.89031612
W_2_H,JO,Q_2,P62,16,21.0558,2.6237,23.5128,21.1305,0.936463773,,0.5342,0.9538,0.4907,1.006,0.494652967,0.9367,0.421996226,0.748,0.224156008,0.1261,P2 A8,6.2758,68.2,52.8213671,45.062739,23.9364313,6.701594001,72.82716321
W_2_L,JO,Q_2,P8,159,30.1625,2.8539,32.8374,30.2323,0.937278811,,0.5449,0.4701,1.0181,0.8047,0.552648373,0.7585,0.45437141,0.6402,0.202722825,0.1304,P3 A1,5.6116,57.7,58.96307117,48.47772133,21.62887099,5.987119234,61.56119107
W_2_M,JO,Q_2,P6,2,21.9423,2.3799,24.1884,22.0019,0.94377915,,0.5378,0.5596,1.1007,0.8468,0.552180129,0.7951,0.459792709,0.6575,0.213902788,0.132,P3 C5,6.1098,55.6,58.50734554,48.71825245,22.66449599,6.473760305,58.91208762
W_20_H,JO,B_18,P22,119,28.864,2.7077,31.396,28.9307,0.93511098,,0.5414,0.7951,1.3409,0.9437,0.505974091,0.8792,0.42485222,0.7325,0.240347126,0.1042,P1 B2,5.8671,66.2,54.10845367,45.43334738,25.70252423,6.274228543,70.79373618
W_20_L,JO,B_18,P3,100,29.3996,2.7002,31.94,29.4646,0.940819199,,0.5133,0.7454,1.2622,0.8991,0.517574457,0.8372,0.434531795,0.6754,0.217467132,0.1124,P1 D10,6.1954,65.2,55.0131691,46.1865357,23.11465711,6.585112219,69.30130688
W_20_M,JO,B_18,P12,154,29.2267,2.2515,31.3256,29.2757,0.932222962,,0.5544,0.4851,1.043,0.8025,0.51144094,0.7624,0.428777572,0.6508,0.198721913,0.1471,P2 D10,5.4576,63,54.86251258,45.99517378,21.316994,5.854393444,67.58039926
W_22_L,JO,I_18,P32,134,29.2251,3.5193,32.5418,29.321,0.942431734,,0.5357,0.5215,1.0609,0.8242,0.553211889,0.7687,0.446788111,0.6361,0.192521572,0.1028,P3 A6,6.2552,61.3,58.70047337,47.40800795,20.42817167,6.637297724,65.04449905
W_22_M,JO,I_18,P24,27,22.7052,3.0298,25.5536,22.7943,0.940128061,,0.5593,0.5007,1.0635,0.8143,0.509286998,0.7758,0.432394647,0.6653,0.211703615,0.1418,P3 D3,6.5539,54.5,54.17208774,45.99316469,22.51859333,6.971284307,57.97082573
W_24_H,JO,I_14,P18,162,29.3963,2.5317,31.7746,29.4727,0.939408303,,0.5424,0.4921,1.0376,0.7927,0.508636456,0.7523,0.426539321,0.6486,0.215809795,0.1372,P3 C10,7.3695,55,54.14434326,45.40510447,22.97294948,7.844831665,58.54749191
W_24_L,JO,I_14,P34,130,29.2318,4.3255,33.3251,29.3502,0.946318345,,0.5083,0.7072,1.2182,0.8999,0.553733032,0.8395,0.468325792,0.6541,0.206165158,0.1021,P2 A6,6.0697,64.4,58.51445603,49.48924371,21.78602576,6.414014939,68.0532089
W_24_M,JO,I_14,P21,39,23.2293,2.1628,25.2647,23.2966,0.941094877,,0.5809,0.6003,1.1849,0.889,0.513243378,0.836,0.42495419,0.6962,0.192070631,0.124,P3 D2,7.7183,51.7,54.53683692,45.1552973,20.40927393,8.201404756,54.93601258
W_26_H,JO,I_10,P29,102,29.9215,2.9595,32.712,30.0189,0.942895759,,0.5161,0.5123,1.0312,0.7792,0.51356627,0.7376,0.432363849,0.6338,0.229748194,0.126,P1 D2,5.358,67.9,54.46691902,45.85489382,24.36623477,5.682494535,72.01220211
W_26_L,JO,I_10,P51,40,22.7375,2.5652,25.1419,22.8168,0.937314829,,0.5897,0.5271,1.1193,0.8736,0.538607475,0.8271,0.450388921,0.6915,0.193132233,0.187,P3 A8,5.9141,75.4,57.46281378,48.05097566,20.60484129,6.309619581,80.44255532
W_26_M,JO,I_10,P66,152,30.3342,2.8052,32.7,30.4183,0.843362327,,0.548,0.7304,1.2815,0.9627,0.567771084,0.8899,0.468099671,0.7266,0.244523549,0.1243,P2 C5,5.1975,67.4,67.32231997,55.50398167,28.99389039,6.1628316,79.91820103
W_28_L,KL,J_2,P44,160,28.7437,2.2896,30.9049,28.819,0.943920335,,0.5452,0.8114,1.3607,0.9871,0.544614247,0.9159,0.456864678,0.7386,0.238353463,0.1213,P2 C6,4.7925,67.3,57.69705626,48.40076659,25.25143852,5.077229317,71.29838978
W_28_M,KL,J_2,P20,161,28.9945,3.0106,31.8263,29.0837,0.940609845,,0.5701,0.559,1.1323,0.8551,0.509838998,0.8022,0.415205725,0.6754,0.188372093,0.1187,P3 D1,6.964,53.1,54.20302592,44.14218357,20.02659168,7.403707324,56.45273678
W_36_H,KL,3_2,P25,1A,28.6534,3.0044,31.4668,28.7394,0.936426574,,0.5164,0.8246,1.3451,0.8925,0.456099927,0.8378,0.389764734,0.7078,0.232112539,0.1096,P1 B4,4.7414,66.8,48.70642715,41.62256231,24.78705173,5.063290737,71.33501102
W_30_H,KL,J_6,P57,133,28.3497,3.2419,31.4055,28.4708,0.942595392,,0.4964,0.5835,1.0826,0.7554,0.443873179,0.7108,0.367437875,0.6162,0.205312768,0.1022,P1 A7,6.2204,64.8,47.09053143,38.98150555,21.78164349,6.599225983,68.74635775
W_30_L,KL,J_6,P38,139,29.0573,2.5139,31.4299,29.1263,0.943792514,,0.5731,0.4986,1.0749,0.83,0.51524268,0.7827,0.420377056,0.6687,0.191736863,0.1467,P2 E8,5.4564,60.8,54.59279154,44.54125771,20.31557365,5.781355458,64.42093905
W_30_M,KL,J_6,30M,36,23.3311,2.9866,26.1418,23.4309,0.941103596,,0.5593,0.4662,1.028,0.8009,0.518232518,0.7555,0.420849421,0.6585,0.212784213,0.1169,P3 C1,6.5275,54.1,55.06646881,44.7187135,22.61007329,6.936005799,57.48570107
W_32_L,KL,J_10,P50,43,24.0838,2.2815,26.2273,24.1624,0.939513478,,0.5669,0.7366,1.3079,0.9592,0.532582134,0.9052,0.459272332,0.7357,0.22916101,0.1009,P3 B1,6.262,56.8,56.68701372,48.88406001,24.3914553,6.665151854,60.45682295
W_32_M,KL,J_10,P39,21,23.3682,2.6204,25.84,23.455,0.943291101,,0.548,0.6574,1.2087,0.8704,0.490416793,0.8198,0.413446912,0.6873,0.211895345,0.1088,P3 B2,6.2876,57.6,51.98997352,43.83025683,22.46340978,6.66559877,61.06280443
W_34_H,KL,J_14,P55,101,28.9513,4.3687,33.0477,29.1182,0.937670245,,0.5423,0.7616,1.307,0.8936,0.461265756,0.8385,0.388918067,,,0.1017,P1 E3,6.408,64.7,49.19274752,41.47706182,,6.833958988,69.00080314
W_34_L,KL,J_14,P45,122,29.1738,3.7525,32.7071,29.3048,0.94158561,,0.5102,0.6148,1.1276,0.8293,0.519030579,0.7728,0.427130774,0.6364,0.205270007,0.0997,P2 A10,5.292,65.2,55.12303648,45.36292504,21.80046131,5.620306795,69.24489854
W_36_L,KL,3_2,P42,25,23.5139,1.8051,25.2195,23.56,0.9448784,,0.5436,0.6028,1.1491,0.8721,0.544956868,0.8061,0.435467817,0.6617,0.195919044,0.1018,P2 D1,6.0909,58,57.67481486,46.08718083,20.73484212,6.446226307,61.38356004
W_36_M,KL,3_2,P71,117,28.6765,3.1162,31.6027,28.7504,0.939028304,,0.526,0.4801,1.0036,0.8127,0.597167257,0.76,0.487398459,0.6283,0.213080608,0.1,P2 A9,5.9016,64.5,63.59417011,51.90455461,22.69160656,6.284794587,68.68802543
W_38_H,KL,3_6,P63,9A,28.7394,3.2641,31.803,28.8464,0.938574186,,0.525,0.8514,1.3786,0.8785,0.415198497,0.8235,0.350599013,0.6861,0.189217759,0.1386,P1 C5,5.7988,71.9,44.23715279,37.35442746,20.16012819,6.178307573,76.60555882
W_38_L,KL,3_6,P65,126,29.0338,2.5263,31.4091,29.1016,0.940228793,,0.5321,0.5169,1.0515,0.8013,0.520797059,0.7548,0.430837686,0.6302,0.189785258,0.1332,P1 C9,5.7252,69.7,55.39046062,45.82264332,20.18500812,6.089156216,74.13089294
W_38_M,KL,3_6,P43,14A,29.0745,2.7395,31.6723,29.1528,0.948275233,,0.5401,0.6307,1.1737,0.8485,0.488980498,0.7954,0.40478833,0.658,0.186935151,0.1324,P1 C3,5.5573,68.4,51.56525036,42.68679772,19.71317451,5.860429344,72.13095696
W_4_H,JO,Q_6,P15,131,28.9626,2.9923,31.7815,29.0384,0.942051265,,0.5335,0.5855,1.1226,0.8282,0.503330487,0.7832,0.4264731,0.6655,0.225448335,0.1341,P1 C8,5.3563,69.3,53.42920343,45.27068917,23.93164185,5.68578399,73.56287559
W_4_L,JO,Q_6,P33,115,28.7855,3.2859,31.8946,28.8674,0.946194346,,0.5452,0.5363,1.0843,0.8331,0.536826403,0.7853,0.447697184,0.6647,0.222823047,0.1704,P1 B6,4.3748,77.3,56.73532141,47.31556329,23.54939531,4.623574449,81.69569007
W_4_M,JO,Q_6,P11,142,29.3111,3.2621,32.357,29.4283,0.933723675,,0.5267,0.6458,1.1771,0.8356,0.478321462,0.7811,0.393930009,0.6566,0.201145866,0.108,P2 E4,6.7032,60.8,51.2273036,42.18914223,21.54233324,7.178997577,65.11562428
W_40_H,KL,3_10,P48,15,21.613,2.3398,23.8134,21.6882,0.940422258,,0.506,0.773,1.2815,0.9065,0.518111255,0.8475,0.441785252,0.6934,0.242432083,0.0938,P1 E4,4.8351,64.1,55.09347001,46.97732836,25.77906687,5.141413825,68.16087075
W_40_L,KL,3_10,P56,30,21.0956,2.6653,23.6122,21.2068,0.944208907,,0.5482,0.7228,1.0716,,,,,,,,,,,,,,,
W_40_M,KL,3_10,P52,127,28.82,2.5907,31.2535,28.8856,0.939321419,,0.5156,0.5981,1.1161,0.803,0.480521652,0.7486,0.389566962,0.61,0.157833138,0.1199,P2 A3,5.713,64.9,51.1562541,41.47323314,16.80288931,6.082050175,69.09243066
W_42_H,KL,C_10,P47,120,30.8298,3.4026,34.0256,30.9279,0.939222947,,0.5222,0.6182,1.1429,0.8075,0.461501132,0.7567,0.379327079,0.6577,0.21918473,0.0999,P2 B1,6.7205,66.6,49.13648391,40.3873308,23.33681588,7.155383097,70.90968146
W_42_L,KL,C_10,P1,22,21.6552,3.0488,24.5231,21.7427,0.94066518,,0.5554,0.6625,1.2208,0.9067,0.530264151,0.8476,0.441056604,0.6864,0.197735849,0.125,P3 C4,5.8919,56.9,56.37118949,46.88773575,21.02085347,6.2635464,60.4891105
W_42_M,KL,C_10,P7,137,28.8587,3.2194,31.8786,28.9409,0.938031931,,0.5542,0.9026,1.4603,0.989,0.481719477,0.9177,0.40272546,0.7359,0.201307334,0.1298,P3 A3,6.0631,61.5,51.35427281,42.93302246,21.46060572,6.46363924,65.56280009
W_44_H,KL,C_6,P41,155,29.7578,2.2279,31.8575,29.8143,0.942457022,,0.5477,0.7845,,0.9857,0.5583174,0.9198,0.47431485,0.7465,0.253409815,0.1264,P2 D6,3.9886,62.2,59.24062174,50.32747796,26.88820914,4.232129323,65.99770443
W_44_L,KL,C_6,P40,10A,28.4453,2.176,30.4962,28.5029,0.942509191,,0.5271,0.6287,1.1588,0.8791,0.559885478,0.8191,0.464450453,0.6569,0.20645777,0.1002,P1 A8,4.6019,62.3,59.40371545,49.27808213,21.90512007,4.882604905,66.10015115
W_44_M,KL,C_6,P54,132,29.3542,2.8872,32.0677,29.445,0.939837905,,0.5418,0.7556,1.2996,0.9281,0.511249338,0.862,0.42376919,0.7082,0.22022234,0.1224,P1 A6,5.125,66.4,54.39760787,45.08960404,23.43194913,5.453067993,70.65048093
W_46_H,KL,C_2,P64,121,28.9364,2.8543,31.6231,29.0252,0.941281575,,0.5353,0.6743,1.2127,0.854,0.472638292,0.8025,0.396262791,0.6791,0.213258194,0.1186,P1 B9,5.4687,68.6,50.2122111,42.09822029,22.65615298,5.809844944,72.8793613
W_46_L,KL,C_2,P58,143,29.1985,2.4403,31.492,29.2593,0.939843462,,0.547,0.677,1.2277,0.8881,0.503840473,0.8295,0.417282127,0.6727,0.185672083,0.1038,P2 E5,6.1101,59.7,53.60897778,44.39910942,19.75563913,6.501189026,63.52121648
W_46_M,KL,C_2,P69,29,21.866,2.0609,23.8068,21.9285,0.941724489,,0.5618,0.6672,1.2327,0.9071,0.517535971,0.8471,0.427607914,0.7214,0.239208633,0.1205,P2 E7,5.8539,60.5,54.9561976,45.40690176,25.40112695,6.216149273,64.24384275
W_6_H,JO,Q_10,P5,19,21.913,2.213,23.9918,21.9714,0.939358337,,0.5545,0.694,1.2521,0.8883,0.480979827,0.8332,0.401585014,0.6974,0.205907781,,,,,51.20301892,42.75099273,21.92004615,,
W_6_L,JO,Q_10,P28,38,22.2905,2.759,24.8827,22.3681,0.939543313,,0.5629,0.5285,1.0954,0.8087,0.465089877,0.7674,0.386944182,0.6548,0.173888363,0.1091,P3 D4,6.6795,52.4,49.50169627,41.18428351,18.50775381,7.10930503,55.77177687
W_6_M,JO,Q_10,P23,5A,29.1563,2.2769,31.291,29.2134,0.937546664,,0.5504,0.5376,1.0906,0.8138,0.489955357,0.7637,0.396763393,0.6409,0.168340774,0.109,P1 A3,5.9342,64.5,52.25930354,42.31932212,17.95545547,6.329498281,68.79657563
W_8_H,JO,Q_14,P60,129,28.635,3.0463,31.4945,28.7457,0.93867971,,0.5189,0.9286,1.451,0.996,0.513784191,0.9142,0.425694594,0.7477,0.246392419,0.1144,P2 A4,5.2296,66.1,54.73477118,45.35035642,26.24882759,5.571229404,70.4180556
W_8_L,JO,Q_14,P68,37,24.1522,2.8185,26.8057,24.2494,0.941458222,,0.5626,0.7143,1.2797,0.9209,0.501609968,0.8579,0.413411732,0.7135,0.211255775,0.1592,P3 C6,1.263,6.99,53.28010907,43.91185099,22.43920865,1.341535896,7.424652346
W_8_M,JO,Q_14,P17,118,29.4251,2.7473,32.0066,29.5239,0.939649838,,0.5392,0.6165,1.1591,0.8233,0.460827251,0.7814,0.392862936,0.6716,0.214760746,0.1248,P1 B3,4.6211,66.4,49.04244453,41.80950393,22.85540182,4.917895809,70.66462134
,,,P36,,,,,,,,,,,,,,,,,0.1211,P2 E10,5.8569,59.6,,,,,
,,,P56,7A,28.7164,2.0091,30.609,28.768,0.942013837,,0.5355,0.5337,,0.8038,0.502716882,,,,,,,,,53.36618873,,,,
